SID,部品.会社,作番,部品.品番,部品.品名
PC200-10-451146,UZ,LA1550316#0010,NB-601560079-1,エンジンAssy
PC200-10-451842,EE,AA16X0573#0019,NB-6016Y0180,ユニットエンジン
PC200-10-452681,FV,HA1610004#0036,NB-OP006,エンジン現品整備
PC200-10-453764,SA,KA15X0028#0039,NB-6015Y0148,エンジンASSY
PC200-8-300295,FV,EA1460218#0021,NB-R104797-01,エンジンASSY
PC200-8-300343,CA,A01280210#0019,SAA6D107E-1A,エンジンASSY
PC200-8-300440,TA,L01490093#0038,NB-RPC2008-01,エンジンASSY
PC200-8-300549,FN,1G1050349#0016,SAA6D107E-1A,エンジン
PC200-8-305386,SA,DA1040195#0001,SAA6D107E-1,エンジンASSY
PC200-8-305559,UZ,AB1640388#0065,NB-601650166,エンジン現品修理
PC200-8-305730,CA,1078209#0002,RM6754B00011C,CRエンジンASSY
PC200-8-305861,FV,PA1180190#0015,NB-SAA6D107E-1,エンジンASSY
PC200-8-306408,SA,6A1090232#0017,SA-SAA6D107E-1,エンジンASSY
PC200-8-306478,FV,FAX8136#0002,RM6754B00010BY,E/G
PC200-8-306581,FV,AAZ7279#0035,RM6754B00010BY,E/G
PC200-8-306960,UZ,ADZ8195#0005,RM6754B00010BK,エンジン
PC200-8-307136,FV,EAX7231#0011,RM6754B00010B,エンジン
PC200-8-307182,TA,J0XEW44#0039,RM6754B00011D,エンジン
PC200-8-307274,FN,8D138A79,FN8DSAA6D107E,エンジンユニットASSY
PC200-8N1-310446,FN,7L18078,RM6754B00010BK,エンジン
PC200-8N1-310783,SA,6A13X0397,SAA6D107E-1B,エンジンAssy
PC200-8N1-311070,FN,7A1180323#0046,NB-SAA6D107E-1,エンジンASSY
PC200-8N1-311207,FN,1A1610126#0003,FN1ASAA6D107E-1-E/G,エンジン再生品
PC200-8N1-312896,FV,PA11X0135#0012,NB-SAA6D107E-1B,エンジンASSY
PC200-8N1-312964,UZ,BD13Y0127#0103,NB-R103871-01,エンジンASSY(リビルト品)
PC200-8N1-313017,FN,1A1390194#0027,NB-R103712-01,エンジン現品修理
PC200-8N1-313649,FN,7G1640035,NB-601570215,エンジン
PC200-8N1-314237,EE,VA0910141#0026,RM6754B00010BY,エンジンアッセンCR
PC200-8N1-315144,FN,5A1130280#0011,SAA6D107E-1,エンジンAssy
PC200-8N1-315214,FN,1A1440219#0017,NB-R104456-01,エンジンAssy(ユニット)
PC200-8N1-315535,UZ,BD1220137#0030,9-ENGINEASSY-RE,エンジンASSYリビルト品
PC200-8N1-315566,CA,201230068#0001,NB-CA20-SAA6D107-1B,リビルトエンジン
PC200-8N1-315586,FN,5A10X0068#0017,PC200-8N1,エンジンAssy
PC200-8N1-315737,SA,CA1240248#0014,SA-SAA6D107E-1,エンジンASSY
PC200-8N1-315738,SA,CA1180245#0011,SA-SAA6D107E-1A,エンジンASSYユニット
PC200-8N1-315839,FV,EA1350004#0110,NB-SAA6D107E-1A,エンジンASSY
PC200-8N1-316538,FN,5A1620118#0029,NB-601630154,エンジンSAA6D107E1
PC200-8N1-316671,EE,FA1280353#0022,NB-SAA6D107E-1A,エンジンASSY
PC200-8N1-316778,UZ,AB13Z0185#0005,NB-R104037-01,エンジンASSY
PC200-8N1-350347,FV,LA1480227#0006,NB-R105094-01,エンジンAss’y
PC200-8N1-350410,CA,201350390#0058,9-SAA6D107E-1,エンジンASSYユニット
PC200-8N1-350514,CA,201280299#0013,CA20-SAA6D107E-1,エンジンリビルト
PC200-8N1-351412,FN,7P16XA77,FN-SAA6D107E1-200-8,エンジンASS’y(中古)
PC200-8N1-351549,TA,D01260076#0359,NB-SAA6D107E-1-STD-1,エンジンリビルトユニットSTD
PC200-8N1-351667,EE,NA1320080#0007,NB-SAA6D107E-1B,エンジンASSY
PC200-8N1-352133,TA,A012Y0353#0006,NB-SAA6D107E,エンジンユニットASSY
PC200-8N1-352620,CA,201410248#0002,NB-R103863-01,エンジンASSYユニット
PC200-8N1-352871,TA,D01470220#0012,NB-R104627-PA,エンジンASSY
PC200-8N1-353474,EE,SA14X0459#0013,NB-SAA6D107E1-PC,エンジンAssy
PC200-8N1-353550,EE,SA13Z0320#0027,NB-R104155-01,エンジンASSY
PC200-8N1-353570,FN,1G1480037#0001,NB-R104687-PA,エンジンASSY
PC200-8N1-353625,FV,PA1690230,NB-OP017,エンジン現品整備(セミOV)
PC200-8N1-355227,FN,7A1740268#0004,NB-601680088,エンジンSAA6D107E-1
PC200-8N1-355267,TA,D01410414#0100,NB-R104426-01,エンジンAssy
PC200-8N1-355870,TA,D01580341#0004,NB-601590133,エンジンSAA6D107E-1
PC200-8N1-355886,TA,A014Z0047#0029,NB-R105530-01,エンジン
PC200-8N1-355922,TA,A01620298#0055,NB-601640235,エンジンSAA6D107E1
PC200-8N1-356196,FN,1A15X0251#0009,NB-6015X0200,エンジンリンク品(現物修理)
PC200-8N1-356647,FV,AA1430015#0028,NB-R104328-01,エンジンASSY
PC200-8N1-357147,EE,FA15Z0266#0087,NB-6015Z0322,エンジン現品修理
